Title, Price
Title,Price
Samsung A515F Galaxy A51 (6GB/128GB) LTE Duos Black,999
Panasonic MK-MG1000WTQ,319
Samsung A515F Galaxy A51 (4GB/64GB) LTE Duos Black,849
Samsung RT35K5440S8/WT,1749
Samsung A217F Galaxy A21s (3GB/32GB) LTE Duos - Black,579
Genius HS-05A Silver,79
Genius SW-HF 2.1 1205 Wooden,169
Genius SP-HF 500A Wooden,139
Genius HS-400A Black / Green,59
Samsung A515F Galaxy A51 (6GB/128GB) LTE Duos Blue,999
Samsung VCC4520S3S/XEV,199
Samsung RB30J3200SS/WT,1799
TCL 40S6500 (RT41KS-RU),949
Kingston DT100G3 Black (32 GB),25
Samsung RT22HAR4DSA/WT,1239
Genius DX-120 USB Black,19
Kingston A400 120GB (SA400S37/120G),102
ColorView 24D1 Black,449
ColorView 24D1 Smart Android Black,499
Apple iPhone 11 64GB Black (A2221-ZKMHDA3RM/A),2669
HOCO ES26 Original series wireless bluetooth headset,129
Canon 725 Black Original Laser Toner Cartridge,148
Panasonic TX-55GXR600,1799
Samsung A515F Galaxy A51 (4GB/64GB) LTE Duos Blue,849
FRANKO FMG - 1025,219
Canon CL-511 Color Original Ink Cartridge,44
Samsung A515F Galaxy A51 (6GB/128GB) LTE Duos White,999
Panasonic MK-MG1510WTQ,649
Samsung A515F Galaxy A51 (4GB/64GB) LTE Duos White,849
Samsung G998B Galaxy S21 Ultra (12GB/256GB) Dual Sim LTE/5G - Phantom Black,4499
Genius HS-02B Purple,25
Samsung RT32K5132S8/WT,1579
Sony KDL-32W603A,1259
Apple 20W USB-C Power Adapter (MHJE3ZM/A),109
TP-LINK TL-WR840N,59
Samsung A217F Galaxy A21s (3GB/32GB) LTE Duos - Blue,579
Panasonic SD-ZB2512KTS,749
Samsung WW65K52E69SDLP,1849
Samsung A217F Galaxy A21s (3GB/32GB) LTE Duos - Red,579
Kingston DTIG4 White Purple (64 GB),39
Philips QC5115/15,99
Thermaltake Versa H21 (CA-1B2-00M1NN-00),195
Samsung A125F Galaxy A12 (3GB/32GB) Dual Sim LTE - Black,509
Samsung ME83KRS-2,319
Asus Nereus Carry Bag Black,59
Logitech M90 Black,25
PlayStation 4 Slim (1TB) Horizone Zero Down+Spider-Man+Gran Turismo Sport,1399
Kingston DTIG4 White Red (32 GB),25
Kingston A400 240GB (SA400S37/240GB),148
Panasonic ER-GN30K520,59
Samsung N985F (8GB/256GB) Galaxy Note 20 Ultra Dual Sim LTE - Mystic Black,3999
Samsung RT43K6000S8/TR,1899
TCL 43S6500 (RT41KS-RU),1099
Panasonic TX-43GXR600,1349
Xiaomi Redmi 9 Global Version (4GB/64GB) Dual Sim LTE - Grey,489
Canon CL-441 Color Original Ink Cartridge,92
Apple AirPods Pro with Wireless Charging Case (ZKMWP22RUA),969
Samsung Galaxy Tab A 8.0 (2019) WiFi+LTE (SM-T295NZKACAU) Black,549
Gembird PC-186-VDE-3M,14
Samsung UE43TU8000UXRU,1899
Apple iPhone 11 (64GB) Purple (A2221-ZKMHDF3RMA),2669
ColorView 32D1 Smart Android Black,649
Samsung G991B Galaxy S21 (8GB/128GB) Dual Sim LTE/5G - Phantom Gray,2799
Tenda N301 N300 Wireless Router,49
Samsung A125F Galaxy A12 (3GB/32GB) Dual Sim LTE - Red,509
TCL 32D3000 (RD512VS-RU),649
HyperX Cloud II (KHX-HSCP-GM) Gun Metal,299
Panasonic SD-2511WTS,629
Apple iPhone 12 mini 64GB Black (Model A2399),2899
Samsung RB30J3000SA/WT,1719
Philips ProCare Airstyler (HP8656/00),259
Realme C11 (2GB/32GB) Dual Sim LTE Green,379
Canon CLi-451Y Yellow Original Ink Cartridge,44
Canon PIXMA E414,199
Gembird PC-189-VDE-5M,19
Panasonic MX-SS1BTQ Black,199
